player,team,games,fgm,fga,ftm,fta,tpm,pts,reb,ast,stl,blk,tov
Shai Gilgeous-Alexander,OKC,68,10.953965785381028,20.297667185069983,7.865007776049767,8.894090202177294,1.7951788491446343,31.550699844479006,4.688180404354588,6.482426127527215,1.5763608087091758,0.8825816485225505,2.2709175738724734
Nikola Jokić,DEN,63,10.252823289902281,17.909834690553744,5.502524429967426,6.711315146579804,1.699526058631922,27.759834690553745,12.575754885993486,10.155606677524428,1.5137557003257331,0.7332956026058632,3.4210301302931594
Victor Wembanyama,SAS,55,9.085141776937617,18.35563327032136,5.242491493383743,6.362003780718338,2.331599243856332,25.794268431001893,11.923697542533082,3.5657277882797733,1.1161058601134215,3.5506994328922494,2.950166351606805
Luka Dončić,LAL,56,11.282,24.046000000000006,7.867999999999999,10.052,4.184,34.646,8.033333333333333,8.32777777777778,1.6296296296296298,0.4722222222222222,4.2
Tyrese Maxey,PHI,61,8.45961111111111,18.619027777777777,4.5045,5.1205,2.7173055555555554,24.170666666666666,3.8347222222222213,6.415972222222221,1.7635416666666666,0.6552083333333333,2.037138888888889
Jamal Murray,DEN,67,8.440787401574804,17.526771653543307,4.011968503937008,4.53007874015748,2.9091338582677166,23.74362204724409,4.213858267716536,6.696062992125984,1.0675590551181102,0.4595275590551181,2.2181102362204723
Karl-Anthony Towns,NYK,70,7.637519142419602,14.967840735068913,4.700459418070444,5.490199081163859,1.731852986217458,21.683767228177647,11.855895865237368,3.0330781010719754,0.9140888208269526,0.5851454823889741,2.604134762633997
Donovan Mitchell,CLE,65,9.129611650485439,19.49967637540453,4.894174757281554,5.728640776699029,3.2433656957928805,26.44012944983819,4.553398058252427,5.494336569579287,1.4577669902912622,0.2833333333333334,2.5587378640776697
Anthony Edwards,MIN,67,9.682772946859902,20.616975845410625,5.6193623188405795,6.88984541062802,3.6107342995169076,28.53257004830918,5.4243961352657,4.267082125603865,1.337169082125604,0.6992173913043478,3.100734299516908
Scottie Barnes,TOR,71,7.3401068702290075,15.167633587786261,3.2398625954198472,4.094015267175572,1.0838473282442747,18.99458015267175,7.776137404580154,6.006320610687022,1.418656488549618,1.3781679389312975,2.731419847328244
Cade Cunningham,DET,63,9.195506756756757,19.78937837837838,4.680628378378379,5.695804054054055,2.0655,25.045824324324325,5.698905405405406,9.552162162162164,1.229858108108108,0.7732702702702704,3.9952297297297314
Cooper Flagg,DAL,65,9.126578739274125,19.474186617270718,4.519945498592871,5.565716329149956,1.2920171667266356,24.06667893098787,7.570468416254543,4.899355006043938,1.3490122294780125,0.9990946700339652,2.6432893392133243
Kawhi Leonard,LAC,45,8.492275793650794,16.757942460317455,4.296415674603174,4.905495039682538,2.1922906746031736,23.461047619047616,5.6557113095238085,3.158342261904761,1.6230744047619041,0.4429831349206348,1.7656478174603172
Chet Holmgren,OKC,55,6.204057361376673,11.461640535372851,3.251323135755258,4.0887762906309755,1.3926998087954108,16.952868068833652,8.749571701720841,1.9021147227533457,0.6307227533460803,2.058137667304015,1.6694455066921607
Austin Reaves,LAL,57,7.6969381848994205,16.1419442629362,5.755333004717405,6.633937614574253,2.7414766207419126,23.988126001124357,4.828221575250182,5.9457209392923565,1.117309021789741,0.36602815143128986,3.0070725860987317
Devin Booker,PHX,64,8.673246329526917,18.828874388254487,6.500815660685154,7.320717781402936,2.116802610114192,26.027406199021204,4.039967373572593,6.503588907014681,0.8477977161500816,0.27438825448613374,2.9711256117455136
Kevin Durant,HOU,65,7.971198156682027,15.228317972350231,4.307972350230416,5.01225806451613,2.0689861751152074,22.353433179723503,4.904147465437788,3.953870967741935,0.6897926267281105,0.8672350230414746,2.705506912442396
Dyson Daniels,ATL,73,6.27859520556044,12.381254986316403,1.1896585867731426,1.913186336804935,0.7263797933923516,14.421713758086282,6.877748777653416,5.62799922174183,2.524256432661355,0.5545639867753467,2.140815047519544
Trey Murphy III,NOP,57,7.130769230769231,15.3489010989011,3.3307692307692305,3.759890109890109,3.120879120879121,20.713186813186812,5.441758241758243,3.545604395604396,1.3208791208791206,0.4978021978021978,1.7038461538461538
Jalen Duren,DET,70,6.731246511627907,10.228917829457364,3.6840341085271313,5.001556589147287,0.0,17.13748837209302,11.16336124031008,2.4292899224806206,0.7794697674418605,0.9633674418604652,1.9571379844961239
Derrick White,BOS,72,5.5398352769679295,13.290751457725948,2.115165451895044,2.3449030612244903,2.921400874635569,16.083499271137025,4.345774052478134,5.101610787172011,1.007543002915452,1.2045430029154522,1.6535364431486879
Jalen Johnson,ATL,55,8.737958473282443,17.841715419847336,3.9926693129770996,5.111928549618321,1.712105038167939,23.203396030534353,10.268519083969469,6.979603053435116,1.3080916030534353,0.5777404580152673,3.443551145038169
Desmond Bane,ORL,70,7.195599393019726,14.973596358118362,3.3911987860394532,3.766160849772383,2.208497723823976,20.046737481031865,4.7473444613050075,4.566160849772382,1.0628224582701065,0.46858877086494705,2.1702579666160853
Amen Thompson,HOU,72,6.586927710843375,12.140277108433734,3.2941686746987955,4.4414578313253035,0.325,16.81573493975904,8.125156626506024,4.763481927710843,1.508156626506024,0.8509518072289158,2.2789156626506024
Jalen Brunson,NYK,68,9.328816199376947,19.65467289719626,5.157320872274143,6.160436137071652,2.5208722741433025,26.32383177570094,3.214485981308411,6.939875389408099,0.8423676012461059,0.11199376947040499,2.430373831775701
James Harden,CLE,66,5.796523520485584,13.607908952959026,5.451295902883157,6.205779969650987,2.6181851289833076,19.616321699544763,4.51739908952959,7.226544764795143,1.082153262518968,0.47988619119878595,3.209758725341426
Kel'el Ware,MIL,70,5.380232687609771,9.965905711619138,1.1295850368896299,1.540661085800864,1.1712528480399864,13.099084350441519,10.010469057081322,1.0268154185984395,0.8714884680127856,1.304389536624165,1.0787121926289955
Anthony Davis,WAS,29,8.281852887537994,15.821905896656537,4.388378844984802,5.652392462006079,0.5224924012158055,21.446710759878417,11.153471124620062,3.139308510638298,1.1169726443768997,1.9779240121580546,1.96791537993921
Jayson Tatum,BOS,36,9.494075675675678,21.14756756756757,5.319437837837839,6.437383783783785,3.5534918918918925,27.798032432432436,8.861081081081082,5.628648648648649,1.144864864864865,0.45513513513513515,2.9288432432432434
Kon Knueppel,CHA,71,6.922248060591569,14.573688330979163,2.632196409790176,3.0865199327625423,3.575828330043147,19.95373916652422,5.7067947115703035,3.832334579210508,0.8281335482102017,0.24230392258557107,2.184581825293167
Mikal Bridges,NYK,81,6.388888888888889,13.055555555555555,1.3,1.5666666666666664,2.022222222222222,16.044444444444448,3.677777777777777,3.6888888888888896,1.1333333333333335,0.6555555555555557,1.3111111111111113
Tyrese Haliburton,IND,28,6.667708333333333,14.135416666666666,2.647916666666667,3.0718750000000004,2.9520833333333334,18.959375000000005,3.5958333333333328,9.607291666666667,1.3520833333333333,0.7000000000000001,1.7677083333333334
Evan Mobley,CLE,63,7.095748299319728,12.868027210884353,2.8831632653061225,4.389285714285714,1.0214285714285716,18.09608843537415,9.142687074829933,3.4210884353741493,0.7894557823129252,1.6382653061224488,1.9277210884353742
Alperen Sengun,HOU,71,8.235649769585255,16.005456221198155,3.883465437788018,5.593953917050691,0.504663594470046,20.812940092165896,9.806193548387098,5.853714285714287,1.2115760368663593,0.9944700460829493,3.049069124423963
Onyeka Okongwu,ATL,70,5.335239567233383,10.35146831530139,2.1003091190108196,2.717619783616692,1.3264296754250386,14.157341576506955,7.97805255023184,2.6724884080370943,0.980370942812983,1.0313755795981452,1.4519319938176196
Bam Adebayo,MIA,72,6.267223880597014,13.556417910447761,3.603223880597015,4.688462686567165,1.1669104477611942,17.385044776119404,9.902686567164178,3.6583582089552236,1.2243283582089552,0.7211940298507462,1.6639253731343282
OG Anunoby,NYK,64,6.0761120263591435,12.653706754530477,2.5115321252059313,3.1032948929159803,2.2752883031301487,17.010708401976938,4.971334431630972,2.1917627677100495,1.5469522240527185,0.7731466227347611,1.6372322899505765
Donovan Clingan,POR,72,4.219806558098772,8.058593710957917,1.6112279800898741,2.422608259961252,0.8304311078603528,10.880847232016865,10.77675369137267,1.8874100176580444,0.6088757127839519,1.7255264765172613,1.2492237052625368
Stephen Curry,GSW,48,7.192975951903808,15.70881763527054,3.6563627254509012,3.960591182364729,3.7904208416833667,21.833587174348697,3.4596192384769537,4.5104509018036065,0.8845791583166333,0.34,2.4157715430861724
Jaylen Brown,PHI,65,9.238043648208473,19.354297719869713,4.84117035830619,6.178938762214984,1.8835426710097725,25.163670684039094,6.721881107491859,4.981514657980457,1.138583061889251,0.39964983713355057,3.0480918566775252
Tyler Herro,MIL,45,8.828184037678794,18.646044477947214,3.622801774399851,4.067667704797011,3.268862833154813,24.490170053451806,5.139170048037772,4.954087563231645,0.818259406511294,0.2699699402435222,2.521157426490666
Lauri Markkanen,UTA,40,7.951477832512316,17.30024630541872,4.738669950738916,5.342118226600985,2.837192118226601,23.551724137931036,6.728817733990148,1.8780788177339902,0.8822660098522168,0.46527093596059116,1.4517241379310348
Jaren Jackson Jr.,UTA,55,7.565909090909091,15.91363636363636,3.948863636363636,4.967045454545455,1.884090909090909,20.964772727272724,5.632954545454544,2.0375,1.1545454545454545,1.4670454545454545,2.182954545454546
Michael Porter Jr.,BKN,59,7.556468531468532,15.739335664335664,2.6503496503496504,3.2078671328671335,2.9374125874125876,20.714860139860146,7.045454545454546,2.424125874125874,0.8131118881118882,0.4374125874125874,1.7666083916083917
Jarrett Allen,CLE,63,5.885406301824212,8.900497512437811,2.8945273631840793,4.093034825870647,0.0,14.765339966832505,9.244941956882256,1.9557213930348263,0.9208955223880599,0.8791044776119405,1.2975124378109453
De'Aaron Fox,SAS,65,7.890322580645162,16.553870967741936,3.270967741935484,4.184516129032258,1.9612903225806453,21.02483870967742,4.195483870967742,6.158387096774194,1.385483870967742,0.3419354838709678,2.4858064516129033
Nickeil Alexander-Walker,ATL,78,5.264066852367688,11.633983286908078,2.4008356545961003,2.6894150417827296,2.5033426183844005,15.432311977715877,3.1715877437325903,3.2203342618384405,1.0030640668523676,0.46573816155988856,1.6545961002785514
VJ Edgecombe,PHI,68,5.726255648409645,13.03606931994475,1.9673672960039403,2.3667377271488084,1.9327797041713997,15.352019101252344,5.715006885083153,4.403467545668425,1.443382293184521,0.511046125081682,1.745174806624771
Giannis Antetokounmpo,MIA,45,11.0412546585506,18.071792513644052,6.449945057062537,10.195018391761048,0.32298596732958396,28.883242765042873,11.30242729487645,6.228847007806157,0.974035102383055,1.0124987417338376,3.143628719005425
LaMelo Ball,CHA,52,7.598210899556148,18.71590670190646,2.838481565954833,3.2953961296237764,3.8212925261349944,21.952360803832885,4.922972344788319,7.3121194571747115,1.2208007011944835,0.3026858648311055,3.0987432004079043
Myles Turner,MIL,69,4.728086419753088,10.154166666666669,2.2330246913580254,2.956790123456791,2.062037037037037,13.751234567901237,5.890123456790124,1.476234567901235,0.709567901234568,1.7689814814814813,1.3904320987654322
Jaden McDaniels,MIN,75,5.2642752562225485,10.522840409956075,1.6213762811127377,1.9748169838945826,1.3068814055636893,13.410248901903367,4.6243045387994135,2.310834553440703,1.15095168374817,0.9218155197657394,1.520644216691069
Domantas Sabonis,SAC,38,7.537715762273901,13.049715762273902,3.2831214470284245,4.484361757105943,0.672640826873385,19.087627906976746,13.243927648578811,5.999741602067182,0.7914728682170541,0.39328165374677,3.0530852713178294
Payton Pritchard,BOS,78,5.64463040446304,12.09818688981869,1.1962343096234311,1.3847977684797768,2.7644351464435144,15.249930264993026,3.786471408647141,4.42510460251046,0.7440725244072525,0.13347280334728034,1.1860529986053
Josh Giddey,CHI,59,5.768285714285715,12.689857142857143,2.7727142857142857,3.5917142857142856,1.6862857142857142,16.045714285714286,8.271714285714287,8.084142857142858,1.0734285714285714,0.5738571428571428,3.248142857142857
Deni Avdija,POR,67,6.585507246376811,13.917391304347824,5.64975845410628,7.132367149758454,1.7458937198067634,20.513526570048306,7.075362318840581,5.37584541062802,0.8695652173913043,0.5531400966183575,3.2120772946859906
Ivica Zubac,IND,57,6.489051094890511,10.49051094890511,2.0189781021897812,2.925547445255475,0.0,14.984671532846715,11.302189781021898,2.3197080291970806,0.518978102189781,0.9810218978102191,1.6379562043795621
Jalen Williams,OKC,45,7.4546275395033845,15.168848758465009,3.218510158013544,3.958690744920993,1.3422121896162527,19.523250564334088,4.830925507900677,5.152821670428894,1.370880361173815,0.5349887133182843,2.0081264108352146
Josh Hart,NYK,67,4.619373831775701,9.14485046728972,1.5898084112149533,2.092894859813084,1.2735957943925238,12.063948598130843,8.180563084112151,5.030864485981308,1.200411214953271,0.33094158878504676,1.8926728971962619
Brandon Miller,CHA,49,7.2364500000000005,16.87205,2.9263,3.2718833333333333,3.2682,20.683433333333337,4.999800000000001,3.3403499999999995,1.0415166666666666,0.7119666666666666,2.5404166666666668
Joel Embiid,PHI,25,7.482043048056048,15.209478236628373,6.404727494399074,7.472018092440629,1.1264814555207436,22.50544507572749,8.114802717952308,4.009733849274359,0.6966425827621812,1.1810403641645077,2.558650082983005
Naz Reid,MIN,78,5.211048158640227,11.276203966005665,1.2794617563739377,1.6909348441926346,2.13399433427762,13.792492917847026,6.01728045325779,2.1307365439093484,0.8750708215297449,0.9545325779036826,1.5090651558073656
DeMar DeRozan,SAC,71,6.285781294964028,12.930202877697837,4.43111654676259,5.108589928057553,0.6962503597122301,17.660624460431652,2.950614388489208,3.772420143884891,0.8220561151079135,0.3195841726618705,1.1512791366906474
Matas Buzelis,CHI,77,5.169381175631494,11.130771052771875,2.056602497941923,2.6491113199951606,1.9411300108801757,14.360890898628295,5.311192903824513,1.8389256855014675,0.6431997387528282,1.3398807099447296,1.7587533640456623
Franz Wagner,ORL,43,8.144530805687204,17.208028436018953,4.591450236966825,5.411317535545025,1.5411184834123224,22.421630331753555,5.538938388625592,4.044710900473934,1.126834123222749,0.36690995260663506,2.0298483412322272
Miles Bridges,CHA,69,6.729876160990712,14.967492260061919,2.91640866873065,3.486687306501548,2.031888544891641,18.46764705882353,6.46547987616099,3.4187306501547985,0.6617647058823529,0.49984520123839005,1.6721362229102168
John Collins,DET,55,6.033855534709193,11.1422138836773,2.2774953095684807,2.826135084427767,1.412279549718574,15.75748592870544,6.67922138836773,1.2997936210131331,0.928452157598499,0.8327110694183866,1.7536772983114448
Damian Lillard,MIL,22,6.88825910931174,15.582487854251013,5.69124089068826,6.2074939271255065,2.970012145748987,22.37401821862348,4.173259109311741,6.398753036437246,1.0325060728744935,0.181,2.4805060728744937
Nikola Vučević,BOS,61,6.197704878048779,12.24060325203252,1.2372747967479676,1.5410016260162602,1.467718699186992,15.085540650406505,8.384714634146341,3.0509536585365855,0.6186373983739838,0.5975943089430894,1.3067317073170732
Darius Garland,LAC,53,7.088165680473372,15.24378698224852,2.6443786982248523,3.055621301775148,2.6994082840236686,19.508875739644967,2.6556213017751484,6.677514792899408,1.1224852071005917,0.14437869822485208,2.7449704142011835
Trae Young,WAS,35,7.070588235294117,16.867226890756303,6.2327731092436975,7.226050420168067,2.7142857142857144,23.103361344537817,2.823529411764706,10.722689075630251,1.1521008403361344,0.1789915966386555,4.2134453781512615
LeBron James,PHI,57,6.36812859058001,12.294333539009108,2.8659505304246804,3.794079250795751,1.2471332037780176,16.82020169450105,5.76407682219383,6.465373076556022,0.9576670294104741,0.49379932137049204,2.4501122169927285
Derik Queen,NOP,71,4.7749708895911835,9.809054087809253,2.8116922018846235,3.5783888441317067,0.3788020704817143,12.646279240943906,7.756630620421329,3.770255270941661,1.038535154074792,0.9940610907815473,2.3501080432754544
Mark Williams,PHX,46,5.181973381297169,8.340869993278679,2.51610436810292,3.1842154325412846,0.05241927791591951,12.955501766829494,8.79927660171942,1.531997741501074,0.8438378934879464,1.0190274584864825,1.2737201578572241
Kyrie Irving,DAL,18,8.472395839420841,17.73476604986657,3.4712229209755057,3.8286197896932346,2.730294096727943,23.186121187023062,4.564106431979126,4.480477849290184,1.22374179444561,0.46791973599091086,1.964438646247702
Rudy Gobert,MIN,68,4.3223214285714295,6.461380952380952,2.2526428571428565,3.8165119047619056,0.0,10.907916666666667,10.777547619047619,1.5856904761904762,0.7413690476190479,1.4967261904761904,1.2768333333333333
Brandon Ingram,TOR,51,8.038966202783298,16.791451292246517,3.6711729622266396,4.464413518886678,1.8007952286282305,21.486083499005957,5.5363817097415495,4.115506958250497,0.8107355864811132,0.6765407554671966,2.5630218687872754
Keyonte George,UTA,57,6.612186813186814,15.477164835164837,4.979670329670331,5.783989010989012,2.6162197802197804,20.819098901098904,3.829978021978022,6.023362637362637,0.9225494505494506,0.21083516483516485,3.042549450549451
Julius Randle,MIN,68,7.061142746913579,14.738366512345683,4.5858742283950615,5.785962962962963,1.4629074074074073,20.231109567901232,6.900168209876542,4.830604166666666,0.9156851851851852,0.20399228395061733,2.746903549382716
Jabari Smith Jr.,HOU,68,5.474645569620254,12.207493670886075,2.0870759493670885,2.6297848101265826,2.1606329113924048,15.156354430379748,7.354215189873418,1.713367088607595,0.6435822784810126,0.8672151898734176,1.3465696202531645
Pascal Siakam,IND,65,8.267695512820513,16.469480769230767,3.5265096153846147,4.979955128205127,1.538009615384615,21.611724358974357,6.573304487179486,3.6026794871794867,0.9569423076923076,0.41193910256410254,1.7932564102564097
Kyle Filipowski,UTA,74,5.18158267194978,10.382197918572803,2.351389399409532,3.2595640033013193,1.3076786258251016,13.944024817710256,8.502928747771321,2.8993599522424973,1.0188625110992724,0.576613283232549,1.9605435007230028
Kristaps Porziņģis,GSW,31,6.009169738541245,12.72940680092464,4.0099332935924865,4.792818941685344,1.9998763561822674,18.04440472225013,6.078537869538955,2.2769350801296904,0.6645721837111683,1.3880383484041012,1.3548396271815388
Walker Kessler,LAL,25,4.945907652790636,7.520022405923757,1.5799150926843548,2.7050397651947136,0.2578322705276522,11.704425271895218,11.189673112722417,1.7440643624233534,0.686726211316393,2.3560993623733624,1.664404107023512
Keegan Murray,SAC,42,5.8537407183254375,13.291910083805629,1.2873651085160154,1.5348731701742204,2.128461600962776,15.102570256306292,6.750172778922284,1.6718758329134604,0.9695636800539027,1.1674126788683212,1.0288147938349748
Cameron Boozer,MEM,62,5.51,11.600000000000001,2.32,3.045,1.16,14.5,7.25,2.9000000000000004,0.812,1.305,2.32
Cason Wallace,OKC,73,3.4395499254843527,7.642110283159467,0.6064590163934428,0.7732786885245904,1.3005931445603578,8.818378539493294,3.279049180327869,2.5812816691505223,1.8522354694485847,0.46918032786885255,0.9021847988077497
Daniel Gafford,DAL,53,4.315939599756499,6.301598443698121,2.0695212481977063,2.982299379176755,0.017697479812356847,10.634713922621756,6.92720215023739,1.280641922934372,0.6835283238977565,1.5621065752289802,1.1199071388152952
Immanuel Quickley,TOR,53,5.680851063829787,13.002901353965186,2.683558994197292,3.251257253384913,2.519148936170213,16.612959381044487,3.8779497098646036,5.749323017408123,1.1061895551257255,0.09999999999999999,1.5574468085106385
Deandre Ayton,WAS,55,5.942031622687206,9.43529272184499,1.2005216809507047,1.7934398811755943,0.04405584150277816,13.118544637483506,8.654219365201984,1.04265491556575,0.6736872429799826,0.9618858728106565,1.349210146022581
Andrew Wiggins,MIA,61,5.711666666666667,12.358333333333334,2.3033333333333337,2.9695,1.9471666666666665,15.688666666666668,4.6025,2.511166666666667,0.9943333333333333,0.8776666666666665,1.502
Jalen Suggs,ORL,48,4.993548387096775,11.612903225806454,1.9935483870967743,2.325806451612903,2.106451612903226,14.148387096774195,3.7935483870967746,4.641935483870968,1.6677419354838712,0.729032258064516,2.6
Paolo Banchero,ORL,61,8.114878892733564,17.813868512110727,6.329605536332181,8.404927335640139,1.4649965397923874,24.064304498269898,8.296608996539792,5.337467128027682,0.7816193771626297,0.624,3.1991695501730106
Toumani Camara,POR,79,4.4072829131652655,9.891876750700279,1.1901960784313723,1.6378151260504201,2.1859943977591034,12.133333333333331,5.309803921568626,2.2742296918767506,1.211484593837535,0.4753501400560224,1.610084033613445
CJ McCollum,ATL,61,7.511514988186737,16.679597894779267,2.3627961161215687,3.1147952243950146,2.8961119850639188,20.29312652236195,3.5472455682195316,4.033316990167453,0.8114230511256699,0.4837893964927659,1.8908471717046913
Devin Vassell,SAS,63,5.593781512605042,12.618991596638656,1.6591596638655464,2.025714285714286,2.4885714285714284,15.314453781512604,3.977142857142857,2.8119327731092434,1.0519327731092438,0.42084033613445376,1.141344537815126
Jakob Poeltl,TOR,45,5.368740832871759,8.143061326473683,1.4540747765267774,2.26553449586529,0.013709458730398166,12.19425163380456,8.165447791159334,2.358504728623406,0.987459935216485,0.9811262558244886,1.4987827470945645
Ryan Rollins,MIL,58,5.347688606804073,11.218188625067718,1.4438969000343,1.8007866243669002,2.016327002699658,14.060647022249006,3.8287730296555624,4.4764448249643,1.3007106830054276,0.3763095626551497,2.146722029506334
Cedric Coward,MEM,60,5.510496337674678,11.869717734559671,2.5555910311350822,3.017270509005016,1.7418780859726728,15.317589330082924,6.295908801502316,3.312160900161513,0.7539867378021268,0.44163420298277145,1.9107787470339683
Norman Powell,MIA,55,6.7469175824175815,14.128402930402931,3.6685293040293048,4.48080402930403,2.606485347985348,19.718126373626372,3.1284120879120874,2.0754633699633698,1.015518315018315,0.20429304029304027,1.6500860805860802
Brandin Podziemski,GSW,74,4.748615384615384,10.503076923076922,1.855384615384615,2.3975384615384616,1.8667692307692307,13.207999999999998,5.383692307692307,3.7593846153846164,1.109846153846154,0.20800000000000005,1.5003076923076923
Reed Sheppard,HOU,69,4.286078770121858,10.06994321053434,0.8019908484073167,0.9781329305257173,2.3294225513256865,11.633610879816876,2.7175255918966745,3.032403342116354,1.3130582355949056,0.5937996607789179,1.3616405702934264
Maxime Raynaud,SAC,67,5.353423628579135,9.426717360475847,1.9185686257257646,2.4852703234104165,0.37202576185000635,12.996387377454113,7.896622424797353,1.589586441321352,0.5587314370483937,0.609701745808668,1.3787390295983986
Jimmy Butler III,GSW,34,5.242012048192771,10.290108433734938,5.494626506024096,6.451626506024096,0.6519759036144578,16.635867469879514,4.765084337349397,4.448530120481927,1.2054216867469876,0.22116867469879514,1.3008072289156625
Isaiah Hartenstein,OKC,49,4.13076923076923,6.828274428274429,1.4155925155925155,2.148856548856549,0.0,9.692723492723491,9.690644490644491,3.4507276507276514,0.9600831600831602,0.9534303534303534,1.622037422037422
Ryan Kalkbrenner,CHA,64,3.383724548752625,4.788288561925218,1.3113655591202202,1.848924846924651,0.09811773373879963,8.175938088238825,5.796487383129998,0.9986228002521509,0.5300423637360756,1.4267875571608686,0.9688847277132131
Ausar Thompson,DET,65,4.313851239669422,8.153084297520662,1.516680991735537,2.567338842975207,0.15608595041322315,10.23772561983471,5.821249586776859,2.8506314049586776,1.8912528925619836,0.8751471074380163,1.5079140495867767
Kyshawn George,WAS,52,5.2390025923457335,12.417675244547741,2.0612030687299763,2.6341288130283047,2.303325745855462,14.782129462299675,5.567859630638519,4.114854172428676,1.1685518675669289,0.9330789094830289,2.454900951639263
Zion Williamson,NOP,48,8.308510638297873,14.13404255319149,5.321276595744681,7.536170212765958,0.03404255319148936,21.972340425531915,6.002127659574469,3.870212765957447,1.0531914893617023,0.6063829787234043,2.3106382978723405
Alex Sarr,WAS,51,5.530119903694937,12.291475408544907,1.8603589424118663,2.679810332677123,1.1828636771762424,14.062498604972152,7.097983513983421,2.5494442453563697,0.7569464596953304,1.7243943272367173,1.6194183786651284
Julian Champagnie,SAS,81,3.446849315068494,7.994794520547945,1.224657534246575,1.390958904109589,2.2312328767123284,10.259726027397257,4.855616438356163,1.4561643835616436,0.7460273972602738,0.47643835616438346,0.8336986301369864
Ayo Dosunmu,MIN,59,5.2801431127012535,10.376386404293385,1.5813953488372097,1.9060822898032206,1.6493738819320216,13.82933810375671,3.343112701252236,3.767799642218247,0.8382826475849733,0.35187835420393565,1.4246869409660108
Coby White,CHA,58,6.295825771324864,13.949001814882035,3.661705989110708,4.302903811252268,2.5847549909255902,18.852450090744103,3.6785843920145194,4.359165154264973,0.68983666061706,0.1546279491833031,2.4477313974591657
Zach LaVine,SAC,43,7.446109728506788,15.082533936651584,3.1687138009049773,3.722274886877828,2.8032386877828057,20.957100678733028,3.6338031674208144,3.2946244343891404,0.744544117647059,0.24602714932126696,2.327898190045249
Nic Claxton,BKN,66,4.778274760383386,8.276677316293929,1.6413738019169328,2.874281150159744,0.03354632587859425,11.241693290734824,7.407987220447284,3.0153354632587854,0.7557507987220448,1.3140575079872203,1.3215654952076676
Tre Jones,CHI,57,4.401296296296295,8.158703703703702,2.237407407407407,2.7037037037037037,0.5774074074074074,11.752037037037038,3.0464814814814813,5.207407407407407,1.0692592592592591,0.18574074074074073,1.2609259259259258
Paul George,BOS,35,6.0868035491065,13.700336657182717,2.3904194428501153,2.827975962515801,2.549350301298492,17.04905951058328,4.63824258770349,3.343020473062715,1.4874475163520664,0.3966373420478149,1.9610577955731725
Tobias Harris,SAS,62,4.7719605233630045,10.050476517606654,1.9894472524916822,2.2625441026064492,1.1504129453234098,12.650774506033848,5.054401746936444,2.2400874631654446,0.8628473879177939,0.5278063847140811,1.0079866079291189
Neemias Queta,BOS,63,3.546302556713482,5.553818114801334,1.3072487961323846,1.8704867184034195,0.043357434533012995,8.471680600761097,6.7499017830392996,1.3781198149613278,0.6276805714483653,1.0729160948210046,0.8764397729124996
Christian Braun,DEN,56,4.926530612244898,9.062337662337661,1.8693877551020412,2.369387755102041,1.0135435992578852,12.779962894248609,4.808534322820037,2.4886827458256033,0.8454545454545456,0.40315398886827464,0.9543599257884972
Cameron Johnson,DEN,51,4.955110220440882,10.494388777555113,2.2935871743486977,2.6935871743486977,2.3206412825651306,14.601202404809618,4.0294589178356714,2.7426853707414827,0.7801603206412825,0.38837675350701406,1.1857715430861726
Collin Sexton,CHI,64,5.858978583196046,12.111367380560132,3.3779242174629327,3.9779242174629323,1.6311367380560131,16.758154859967053,2.4630971993410213,3.785831960461285,0.9369028006589785,0.11285008237232291,2.2245469522240526
Dejounte Murray,NOP,23,7.017897195320371,15.930993453306238,2.950524450772629,3.56196976954369,1.907000800564243,18.82676688588801,5.767029808287279,6.741770138792212,1.6813040429993764,0.3110599462935236,3.1195399691501984
Ace Bailey,UTA,66,5.949698429195541,13.296366633954714,1.185058013398468,1.5697909062772697,2.026884708537783,15.112737731416178,4.8044796311329625,2.0878315221971415,0.899277358537618,0.7572882422673285,1.6510390035825213
Grayson Allen,PHX,53,4.486206896551725,10.502298850574714,2.1637931034482754,2.561494252873563,2.7482758620689656,13.898850574712645,3.1293103448275863,3.0597701149425287,1.107471264367816,0.3431034482758621,1.409770114942529
Bobby Portis Jr.,MIA,57,5.7330447593419605,11.745656953260127,0.9275810712030181,1.2357426994134062,1.747524126878649,14.141194716765591,7.258918353400254,1.7325895798850015,0.6729652578235131,0.31562890170721203,1.0956857891924912
Jeremiah Fears,NOP,72,5.703514663954006,13.170274131438141,2.568897420332211,3.2035640244603028,1.3863754164268953,15.457040067401245,4.039909455244292,3.742896450747607,1.2869522415939334,0.42793861170434433,2.3226696990050772
Luke Kornet,SAS,66,2.610358178777231,3.9581299497698827,1.1795816761502869,1.5063402309262564,0.021321957021144956,6.325467252342353,5.632863933200557,1.7131955895804651,0.4929370997561002,0.9927838382390578,0.4185951206332108
Jay Huff,IND,66,3.1058171230921476,6.385367691016954,0.935920015211005,1.1677443588622585,1.294510468693997,8.411205945164104,3.5069749267663943,1.2158432068048035,0.43421297799120345,1.4485572218610379,0.7760914427434688
Saddiq Bey,NOP,42,5.871450339865902,13.045801000782223,3.2853499008843166,3.9539373960314954,2.0549003394234235,17.083088851382204,5.7181422219432525,2.3705666438297888,0.8883336820869793,0.11781196751479797,0.9103841639941899
Brook Lopez,LAC,71,3.3092435158501443,7.087089337175792,0.8684942363112392,1.123494236311239,1.372492795389049,8.93479827089337,3.626340057636887,1.2810014409221901,0.5003242074927954,1.341873198847262,0.7875360230547551
Kevin Porter Jr.,MIL,48,4.945836914582863,10.798728441861996,2.50677258673653,3.048730672742678,1.000538508863004,13.447456267726308,4.301514182977343,5.056612546526766,1.54270092997416,0.3355507001317143,2.2292353326104655
Stephon Castle,SAS,71,5.920676017802271,13.029057346389122,3.9499857617716803,5.374574755661377,1.3073585847406082,17.098602562176488,4.990246970032998,6.466707371219269,1.0990948091681367,0.32492676184594327,2.986519524971783
Santi Aldama,DAL,48,5.170504785682369,10.931161599204097,1.4209901799740312,2.094230039899326,1.7801517691063988,13.599151724081942,6.780311790056913,2.962794890216396,0.8744286290579989,0.6317772332123975,1.2512705767543817
Dylan Harper,SAS,64,5.115078618268799,10.29040434456945,1.4973682529005259,1.9325679052688085,1.088870017336775,12.815649272442103,3.6789355884578065,4.127495506897972,0.8894331989050166,0.32602486543765363,1.5295811245741355
Fred VanVleet,HOU,23,4.9358814229249015,12.65485770750988,2.0669051383399206,2.454905138339921,2.7309525691699603,14.600608695652172,3.61698814229249,6.131703557312253,1.49602371541502,0.4999525691699606,1.5109762845849806
Wendell Carter Jr.,ORL,69,3.908628659476117,7.843297380585515,2.243605546995377,2.9436055469953772,0.7996918335901386,10.883513097072418,7.294761171032357,1.9745762711864405,0.7830508474576271,0.5915254237288136,1.228659476117103
Tari Eason,HOU,51,4.287259694644354,9.664138904613345,1.1312609684262387,1.4326938500119177,1.3893823733029504,11.062994910481121,6.283262909974989,1.5338807800017695,1.3511325193067374,0.6512917475715804,1.2799541601225635
Kelly Oubre Jr.,PHI,51,5.434939759036145,11.715261044176707,2.290763052208835,3.040562248995984,1.4919678714859437,14.638955823293172,5.397590361445783,1.6586345381526104,1.3951807228915662,0.5273092369477912,1.3502008032128514
Jaime Jaquez Jr.,MIL,70,5.65875327045436,11.431330557725904,2.2048896651328946,2.911010602039505,0.8348811369260507,14.370153362969607,5.0038194653708645,4.048517827534324,0.8513030147439146,0.28822475542813164,1.990632692300546
Malik Monk,SAC,60,5.233102253032929,11.893934142114384,1.916464471403813,2.175216637781629,2.0462738301559793,14.450259965337954,2.666897746967071,4.1407279029462725,0.7013864818024264,0.4800693240901213,1.8790294627383013
Andrew Nembhard,IND,58,4.84014598540146,10.773905109489052,2.460036496350365,2.9788321167883205,1.3844890510948906,13.489233576642334,2.891058394160584,6.292518248175183,1.0067518248175182,0.13558394160583945,2.0392335766423355
Royce O'Neale,PHX,73,3.1089791066282424,7.385700288184439,0.2865,0.4047053314121038,2.4095172910662828,8.913975504322767,4.55303818443804,2.4345619596541788,0.945092219020173,0.40374207492795394,1.0741685878962537
Anfernee Simons,CHI,54,6.058003766478343,14.054990583804143,1.9651600753295668,2.1702448210922785,2.9188323917137478,16.99642184557439,2.674387947269303,3.617702448210923,0.6581920903954802,0.09999999999999999,1.6463276836158192
Keldon Johnson,SAS,78,5.002957746478874,10.069718309859155,1.9583098591549297,2.510281690140845,1.225774647887324,13.280281690140843,5.214507042253521,1.6011267605633803,0.6097183098591549,0.18450704225352113,0.9811267605633803
Naji Marshall,DAL,68,5.220839813374805,10.27791601866252,2.4981337480559875,3.2331259720062206,0.8424572317262831,13.724727838258165,4.6192846034214625,3.059720062208398,1.0267496111975116,0.14245723172628305,1.5384136858475894
Jordan Poole,NOP,48,5.612578616352202,13.774842767295599,2.9704402515723274,3.3540880503144654,2.9113207547169813,17.09056603773585,2.5421383647798743,3.9113207547169813,0.9811320754716981,0.38364779874213845,2.4113207547169813
Peyton Watson,DEN,58,4.225703971119132,8.727740072202167,1.9891407942238268,2.735162454873646,1.1184693140794224,11.5083321299639,4.266252707581227,1.7657472924187727,0.7993357400722021,1.2588880866425993,1.2731552346570398
Bennedict Mathurin,LAC,57,5.4638311926605505,12.323471559633026,4.607218348623854,5.41217614678899,1.4279999999999997,17.003306422018348,5.312983486238533,2.201702752293578,0.7534899082568807,0.24442568807339446,2.056469724770642
Collin Gillespie,PHX,54,3.860794824645749,9.107006552326425,0.9731739543119947,1.1038423827923347,2.398059678250408,11.07931460902803,3.609001319900528,3.961207717253658,1.0444392917265115,0.2006189910656512,1.3570798648244635
P.J. Washington,DAL,54,5.230343511450383,11.669847328244279,2.1864503816793897,3.1841603053435117,1.5209923664122138,14.18206106870229,7.066030534351146,1.9770992366412214,1.0326335877862598,1.058206106870229,1.7748091603053435
Kris Dunn,LAC,74,2.5992664756446993,5.5559598853868195,0.5450343839541548,0.7081833810888252,0.9333123209169055,6.629074498567335,3.1951633237822348,3.2635358166189112,1.5278194842406878,0.2740458452722063,1.2162521489971347
Isaiah Stewart,DET,58,3.2806385614630256,6.078053151647753,1.3690995330310505,1.836214589002493,0.5825617048392386,8.551487611461368,5.3112953898341555,1.3882300241185819,0.35477803720810397,1.4375763542936864,1.1014238578919588
Collin Murray-Boyles,TOR,58,3.84747606176755,6.882593236058821,1.3978506674370983,2.118900165767316,0.49597814352463243,9.590190459408683,5.260668976713755,2.0686714733076,0.9396897344945656,0.8919594703120822,1.1181592492537873
Ja Morant,MEM,25,7.265930093097082,16.50387217366569,4.955637752120266,5.820470161078003,1.5339556573851378,20.966569318564897,3.865537925823468,7.207715226091785,1.1106407768303714,0.26575889729738306,3.4197690155069966
Max Christie,DAL,75,3.7389970845481044,8.548314868804665,1.5877434402332362,1.7957434402332364,1.9355218658892133,11.01141690962099,3.251743440233236,1.9327930029154514,0.6644781341107873,0.4058425655976677,1.1414227405247814
Jerami Grant,POR,48,5.425937499999999,12.5615,4.017012499999999,4.855456249999999,2.2667687499999998,17.1071625,3.395,2.1133875,0.7468999999999999,0.6959749999999999,1.83754375
Keon Ellis,CLE,71,2.4544036155661177,5.39312821742563,0.7600226861749669,1.0067077248797203,1.4371937474361152,7.18823124514759,2.2218866801746744,1.2343844229771945,1.2811833894070543,0.6623565144984976,0.7125168260022571
Jrue Holiday,POR,50,4.490203846153845,9.95848846153846,1.199930769230769,1.375603846153846,1.9126615384615382,12.12411923076923,4.0009961538461525,4.472301923076921,0.889575,0.26116730769230767,1.8226499999999992
Moussa Diabaté,CHA,63,2.94662029957714,4.90759477042961,1.425178007035034,2.1480503722035467,0.08931799891889813,7.432710564249399,7.588540863174807,1.5455347940217838,0.7390151135909393,0.8307669826064201,0.9885880858702509
Quentin Grimes,LAL,71,4.315714285714285,9.615138248847925,2.2519815668202763,2.770322580645161,1.771728110599078,12.647695852534559,3.5307603686635938,2.887649769585253,0.8729493087557604,0.3248387096774193,1.6460829493087554
Goga Bitadze,ORL,63,2.6051623159486565,4.06167618091214,1.1303624393457001,1.6478973148814144,0.02903593748711213,6.3792358899671635,5.50840497431685,1.544476476378821,0.6165452303603892,1.1344142206422452,0.8158372755972632
Anthony Black,ORL,67,4.49334510433387,10.155922953451043,2.2542439807383623,3.096288924558588,1.2483499197431784,12.449470304975922,3.4583563402889244,3.4013579454253615,1.2588988764044944,0.6552263242375601,1.9539390048154093
Jalen Green,PHX,50,7.261647540983608,17.125549180327866,2.9655245901639344,3.748081967213114,2.655344262295082,20.10988524590164,4.4604098360655735,3.284483606557377,0.9677459016393444,0.306,2.4488360655737704
Yves Missi,NOP,66,3.180573303973457,5.857225441318901,1.3348361108910367,2.1746688492258945,0.04415288233220999,7.739688166205302,7.17597805326272,1.4660313812042276,0.42232709029196874,1.470639115337122,0.9997967704382312
Aaron Gordon,DEN,40,5.386945812807881,10.338669950738916,3.0384236453201976,3.979310344827586,1.4088669950738915,15.221182266009853,5.549014778325123,3.032266009852217,0.5982758620689655,0.35394088669950735,1.2669950738916258
Isaiah Joe,OKC,71,3.4166412213740456,7.53496183206107,1.0877862595419847,1.2758778625954197,2.462442748091603,10.449618320610687,2.510076335877862,1.401679389312977,0.6541984732824426,0.17801526717557256,0.5661068702290076
Dillon Brooks,PHX,60,6.153726169844021,14.273656845753901,2.1748700173310227,2.6204506065857887,2.315597920277296,16.846447140381283,3.614038128249567,1.748526863084922,0.909532062391681,0.18752166377816293,1.4131715771230502
Shaedon Sharpe,POR,52,7.552321285140564,16.894779116465863,2.998457831325301,3.8170923694779124,2.1255261044176708,20.26705220883534,4.608995983935743,2.8142650602409636,1.1970441767068272,0.16915662650602412,2.6150361445783132
Cam Spencer,MEM,51,3.356827346392752,7.114205315507533,1.6221212609267674,1.7430762701043687,1.7343330436889517,9.968817436178854,2.3641233146805765,4.58950442368369,0.6708533312405561,0.1793233280131194,1.1332444675723348
Bez Mbeng,UTA,36,3.9725910074937807,8.310819109813567,1.4521796241646068,2.062693304766785,0.8107613895524435,10.206727389871944,4.100517790071444,4.3213726491784445,2.145894683896748,0.3359201556331512,1.663678405193431
Duncan Robinson,DET,71,3.952282962962964,8.873272592592594,0.9172607407407412,1.1249125925925925,2.7075214814814816,11.519576296296298,2.4718474074074077,2.2011096296296295,0.5598696296296298,0.21742370370370373,0.9069140740740742
Darryn Peterson,UTA,62,4.96,11.78,2.6350000000000002,3.255,1.395,13.950000000000001,3.1,4.340000000000001,0.9299999999999999,0.775,2.6350000000000002
Dylan Cardwell,SAC,51,2.7235338086446452,4.747378648871789,0.8250076323463453,1.4443698874192141,0.1122625961743457,6.383200202962653,7.414227778381718,1.50867760541586,0.6923979418137346,1.4004893146725612,0.9693690294042633
Luguentz Dort,OKC,68,3.2208791208791205,7.954317111459968,0.6905808477237049,0.8819466248037676,2.0795918367346937,9.224332810047095,3.7671899529042387,1.3585557299843014,0.9668759811616954,0.4582417582417582,0.7789638932496074
Justin Champagnie,WAS,57,3.376706305027138,6.724234160712173,1.0923319976473767,1.424172275877061,0.9709242531726764,8.758584414550686,5.3350982317437925,1.2696611030831413,0.9150029434478892,0.5700521102280747,0.8063221870667009
Brice Sensabaugh,UTA,67,4.93193840485265,10.655509864824968,1.8053947879545869,2.175607514095951,2.2316227594542757,13.829140223453432,3.3080452477123714,1.8680076086929296,0.6930114691900442,0.18946908308871482,1.7007038741509026
Bub Carrington,WAS,82,4.138750000000001,9.941250000000002,1.0175,1.375,2.1450000000000005,11.398750000000001,4.07,4.977500000000001,0.7012499999999999,0.26125000000000004,2.2825
Robert Williams III,POR,35,2.9513519669525086,4.420103640417181,0.7662677947950037,1.1455420877577922,0.22720415310711709,6.813554534649325,6.553596612727152,1.0953258193856583,0.6047975311028383,1.3930674896602033,0.8468228856245028
Ajay Mitchell,OKC,45,4.35578429485698,9.111958291292966,2.031016585746367,2.324401103375692,1.0549780366951829,11.82121757710478,3.0060781259033913,3.164612603830554,1.0583866190663338,0.2556027175563702,1.280045735853496
Herbert Jones,NOP,41,3.4817307692307695,8.36826923076923,1.1798076923076923,1.4125,1.375,9.485576923076923,3.508653846153846,2.835576923076923,1.606730769230769,0.5548076923076923,1.3538461538461537
Ty Jerome,MEM,27,4.901252092035261,9.827209551337386,2.078672485308964,2.4049879186420458,1.812834438341429,13.63145558461743,2.597174002326833,3.7938553495903715,1.0436397634523356,0.10499444782901815,1.3934758055641014
Davion Mitchell,MIA,68,3.268633540372671,6.839751552795031,0.646583850931677,0.9354037267080746,1.1751552795031057,8.370186335403726,2.405590062111801,5.4341614906832305,0.91055900621118,0.17763975155279504,1.4683229813664596
Sandro Mamukelashvili,TOR,66,3.3710913243678746,6.609077183338208,1.2132664495950234,1.63366851126649,1.188551563179123,9.202421036379603,4.184868913689965,1.5305669885621247,0.6362110518428384,0.424779215489364,0.6833303231098576
Sam Hauser,BOS,73,3.1375366568914953,7.318181818181817,0.19999999999999998,0.2571847507331378,2.437536656891495,8.958211143695014,3.5778592375366562,1.254692082111437,0.5312316715542521,0.2687683284457477,0.36876832844574775
Zach Edey,MEM,28,3.72384329433142,6.386436565905013,1.4504735671048676,1.9395277349703468,0.27645426037233617,9.114816856742971,7.987811154294692,1.084176751521705,0.5027905648910217,1.2583057788715124,1.3333641824775038
Kevin Huerter,DET,65,3.832792207792208,8.687987012987012,0.678409090909091,0.8680194805194804,1.6199675324675324,9.987175324675325,3.331980519480519,2.4991883116883122,0.9128246753246753,0.4224025974025974,0.9792207792207793
Jonas Valanciunas,DEN,65,3.72840596628522,6.5561864585188125,1.61805406127473,1.9838240433971657,0.14420637043762513,9.172497910408126,6.1333466244342825,1.5143882503488597,0.3184880869667044,0.5884179491543448,1.2068318266786864
Tim Hardaway Jr.,DEN,73,3.95409014084507,9.125149295774648,1.736749295774648,2.1246647887323946,2.4380422535211266,12.019554929577462,2.445588732394366,1.4190028169014084,0.4699999999999999,0.09399999999999999,0.5424197183098592
Luke Kennard,LAL,66,3.113757114440783,6.176492496414485,0.8288048712483558,0.9401671903155341,1.63316564945429,8.756796333381768,2.503602882370484,2.6310141867650643,0.7210195717320373,0.10339265485321462,0.9387784679384434
Derrick Jones Jr.,LAC,58,3.7874326750448835,7.449910233393177,1.261938958707361,1.7204667863554757,1.058527827648115,9.895332136445244,3.431238779174147,1.096588868940754,0.9141831238779173,0.7102333931777378,0.8551166965888689
Moses Moody,GSW,58,3.739759379235344,8.542863305403172,1.4484987271385052,1.8450437719847235,2.0770163467674387,11.002932489197779,3.0636355673821267,1.45110081884753,0.8972416538124381,0.5102360764288397,0.8748168451226458
Harrison Barnes,SAS,73,3.5419410939691445,7.46080504908836,1.5138877980364653,1.8499410939691443,1.724431977559607,10.333012622720897,2.977941093969144,1.6454614305750348,0.5423786816269284,0.1771893408134642,0.6763253856942496
Dereck Lively II,DAL,19,3.697261685625616,5.475389176737636,1.2521721954017124,1.9518204858677484,0.0785286763141831,8.75017532830326,7.340140219422165,2.0637581104104084,0.6664808573131626,1.5546016354638184,1.181370275067441
RJ Barrett,TOR,54,7.35899419729207,15.276015473887815,3.477562862669245,5.079497098646035,1.7224371373307545,20.006769825918763,5.647775628626692,4.006769825918762,0.7112185686653771,0.3112185686653771,2.159961315280464
De'Andre Hunter,SAC,48,5.089240506329113,11.484177215189872,3.05506329113924,3.548101265822785,2.072151898734177,15.26518987341772,4.035443037974683,1.6968354430379744,0.7405063291139239,0.16455696202531644,1.5139240506329112
D'Angelo Russell,MEM,37,5.510368260382078,13.369679522814423,2.4035995240993406,2.977030599184162,2.3437446966882534,15.743633819950327,3.1678894464371417,5.839857018829733,0.9528293315993686,0.37364741002874746,2.3742723247133126
Aaron Nesmith,IND,44,4.525707325497845,10.030758663787594,1.7924052028643709,2.1821794108502024,2.1074687932365412,12.972051905611353,4.070030089424878,1.6201972761875065,0.7134143733029298,0.5016528256191145,1.13058578040069
Draymond Green,GSW,59,2.7012120200333887,6.32093489148581,0.9687646076794657,1.3482821368948246,1.1681819699499163,7.501752921535891,5.098577629382303,4.854570951585975,0.9687646076794656,0.664482470784641,2.3033939899833054
Bilal Coulibaly,WAS,54,3.8082179144096067,8.972828982397774,2.0948322213972883,2.8148861734351773,1.059732353309109,10.678182343272834,4.364419728191973,2.67168010371024,1.210055961789007,0.8446964097122707,1.5206097217180898
